"10457","10927","11412","11914","12437","12969","13521","14092","14676","15282"
"10457","10926","11410","11907","12428","12958","13509","14068","14647","15249"
"10456","10929","11417","11924","12441","12971","13519","14091","14673","15269"
"10458","10931","11416","11910","12432","12965","13511","14073","14660","15258"
"10458","10928","11414","11919","12426","12955","13511","14075","14663","15256"
"10458","10932","11417","11917","12443","12977","13533","14103","14687","15283"
"10459","10934","11425","11925","12439","12984","13544","14111","14715","15329"
"10458","10930","11420","11922","12449","12986","13533","14096","14688","15288"
"10455","10929","11419","11922","12441","12976","13530","14097","14676","15276"
"10459","10926","11409","11909","12430","12955","13509","14075","14652","15250"
"10457","10924","11415","11918","12437","12970","13511","14064","14638","15229"
"10457","10920","11399","11909","12427","12959","13499","14061","14627","15218"
"10460","10932","11423","11931","12452","12979","13532","14096","14690","15283"
"10457","10928","11412","11915","12435","12975","13518","14074","14658","15246"
"10461","10938","11429","11919","12443","12979","13524","14068","14645","15239"
"10457","10922","11401","11907","12215","12177","12136","12097","12044","11995"
"10459","10928","11413","11913","12433","12968","13516","14067","14652","15247"
"10458","10930","11421","11922","12442","12979","13534","14106","14691","15283"
"10458","10929","11414","11919","12443","12972","13515","14090","14672","15275"
"10453","10918","11399","11896","12418","12941","13493","14056","14638","15231"
"10458","10932","11420","11918","12441","12967","13500","14073","14654","15252"
"10457","10930","11416","11923","12442","12988","13529","14102","14685","15275"
"10458","10927","11415","11916","12434","12974","13531","14083","14662","15256"
"10456","10927","11414","11918","12435","12965","13513","14073","14653","15247"
"10457","10930","11422","11923","12440","12973","13520","14079","14661","15259"
"10456","10921","11405","11909","12427","12963","13513","14097","14684","15283"
"10459","10933","11416","11913","12424","12953","13503","14067","14650","15254"
"10457","10927","11415","11910","12435","12971","13517","14079","14667","15264"
"10458","10932","11418","11924","12445","12968","13499","14063","14642","15237"
"10459","10924","11420","11919","12423","12959","13513","14067","14650","15251"
"10450","10926","11414","11917","12431","12966","13521","14094","14679","15267"
"10456","10927","11412","11916","12222","12200","12174","12130","12081","12026"
"10459","10929","11413","11905","12406","12938","13487","14054","14641","15237"
"10459","10932","11418","11923","12437","12968","13515","14071","14644","15244"
"10457","10927","11416","11920","12428","12964","13515","14087","14666","15276"
"10458","10931","11418","11929","12448","12989","13530","14105","14686","15278"
"10458","10929","11424","11928","12450","12976","13518","14078","14660","15260"
"10455","10928","11413","11916","12429","12960","13521","14075","14654","15256"
"10458","10929","11414","11921","12432","12964","13505","14071","14655","15237"
"10456","10923","11413","11914","12436","12969","13511","14079","14665","15264"
"10458","10928","11415","11919","12434","12955","13502","14060","14624","15212"
"10457","10927","11416","11919","12433","12972","13524","14101","14683","15290"
"10457","10921","11402","11903","12418","12953","13509","14076","14658","15256"
"10457","10931","11415","11919","12432","12972","13522","14091","14675","15282"
"10454","10928","11410","11903","12418","12950","13497","14049","14632","15230"
"10460","10935","11417","11912","12423","12949","13495","14065","14659","15261"
"10457","10929","11419","11917","12442","12978","13528","14097","14680","15297"
"10458","10931","11417","11928","12233","12197","12148","12101","12058","12007"
"10458","10932","11415","11919","12436","12967","13529","14092","14686","15297"
"10457","10933","11417","11926","12445","12978","13520","14077","14655","15247"
"10459","10934","11426","11932","12449","12987","13541","14101","14687","15294"
"10459","10935","11425","11931","12457","12997","13555","14125","14697","15299"
"10461","10932","11413","11902","12414","12947","13499","14071","14653","15242"
"10455","10923","11410","11911","12428","12963","13505","14056","14634","15227"
"10457","10926","11412","11914","12442","12975","13524","14092","14686","15298"
"10450","10923","11413","11912","12431","12977","13517","14095","14675","15270"
"10456","10927","11421","11921","12437","12963","13513","14079","14654","15260"
"10455","10923","11405","11905","12419","12954","13498","14072","14664","15267"
"10456","10923","11407","11907","12425","12964","13514","14087","14677","15269"
"10459","10931","11412","11915","12436","12971","13522","14076","14658","15259"
"10456","10929","11419","11932","12455","12991","13540","14118","14703","15319"
"10458","10931","11420","11921","12447","12984","13534","14103","14690","15304"
"10454","10923","11411","11914","12423","12953","13503","14062","14646","15233"
"10454","10929","11416","11920","12225","12202","12158","12133","12078","12028"
"10459","10930","11424","11923","12442","12973","13514","14094","14679","15288"
"10457","10930","11418","11928","12447","12970","13511","14071","14648","15246"
"10456","10927","11413","11911","12432","12957","13510","14069","14650","15253"
"10458","10933","11425","11929","12450","12979","13535","14104","14685","15286"
"10459","10929","11411","11916","12443","12978","13536","14106","14703","15319"
"10458","10932","11414","11917","12430","12954","13499","14071","14657","15254"
"10458","10928","11415","11921","12436","12963","13510","14084","14667","15266"
"10456","10930","11417","11916","12431","12964","13504","14076","14666","15269"
"10459","10929","11410","11906","12425","12945","13497","14072","14657","15257"
"10455","10922","11409","11913","12429","12965","13509","14083","14669","15269"
"10461","10928","11413","11914","12431","12971","13522","14081","14664","15271"
"10458","10936","11423","11936","12452","12984","13537","14103","14689","15287"
"10459","10935","11424","11926","12446","12978","13520","14087","14675","15272"
"10458","10926","11416","11918","12434","12970","13521","14089","14676","15277"
"10457","10927","11417","11918","12425","12953","13499","14064","14648","15254"
"10459","10934","11423","11924","12232","12206","12180","12133","12083","12038"
"10458","10927","11413","11918","12436","12971","13522","14090","14659","15261"
"10458","10932","11423","11927","12444","12982","13535","14103","14675","15283"
"10455","10927","11411","11910","12434","12959","13509","14067","14647","15222"
"10454","10927","11408","11903","12420","12956","13507","14064","14632","15230"
"10457","10925","11406","11908","12423","12952","13499","14050","14626","15224"
"10454","10920","11409","11906","12427","12958","13509","14084","14656","15253"
"10458","10930","11417","11920","12438","12974","13526","14101","14681","15281"
"10459","10935","11418","11916","12433","12972","13519","14088","14664","15262"
"10458","10925","11417","11914","12419","12953","13506","14070","14651","15263"
"10459","10929","11415","11909","12416","12946","13482","14043","14614","15210"
"10456","10928","11411","11913","12430","12974","13526","14082","14674","15275"
"10457","10924","11412","11916","12435","12979","13530","14096","14689","15291"
"10457","10925","11416","11914","12433","12971","13513","14084","14663","15267"
"10453","10923","11409","11909","12418","12960","13501","14077","14667","15263"
"10456","10928","11419","11924","12440","12969","13511","14077","14649","15244"
"10459","10934","11416","11919","12225","12197","12153","12107","12054","12002"
"10456","10925","11408","11906","12417","12955","13506","14084","14676","15269"
"10456","10925","11418","11919","12434","12970","13511","14083","14671","15268"
"10455","10922","11404","11906","12415","12954","13506","14047","14634","15233"
"10454","10920","11406","11912","12436","12973","13524","14095","14681","15287"
"10455","10924","11403","11906","12419","12947","13495","14063","14645","15237"
"10448","10916","11404","11910","12421","12955","13501","14067","14656","15265"
"10459","10930","11414","11913","12431","12974","13523","14084","14674","15266"
"10457","10930","11419","11919","12436","12963","13507","14068","14652","15241"
"10458","10929","11418","11927","12443","12981","13523","14084","14660","15252"
"10457","10929","11414","11911","12428","12966","13518","14084","14665","15267"
"10454","10919","11404","11909","12420","12953","13500","14075","14650","15243"
"10459","10933","11419","11925","12441","12973","13525","14097","14681","15284"
"10458","10934","11418","11919","12443","12983","13535","14103","14686","15279"
"10457","10930","11425","11928","12452","12988","13531","14086","14672","15274"
"10458","10926","11416","11916","12431","12971","13522","14085","14668","15265"
"10457","10932","11415","11922","12216","12183","12153","12102","12053","12005"
"10458","10925","11403","11900","12421","12958","13507","14064","14658","15252"
"10457","10930","11413","11910","12429","12951","13498","14063","14634","15232"
"10452","10924","11410","11913","12424","12963","13517","14062","14641","15241"
"10458","10933","11419","11929","12452","12977","13526","14097","14679","15278"
"10459","10923","11414","11912","12435","12972","13531","14095","14657","15251"
"10460","10922","11408","11907","12421","12955","13505","14065","14653","15248"
"10457","10922","11411","11912","12434","12972","13526","14094","14684","15274"
"10459","10925","11416","11915","12433","12973","13512","14072","14638","15244"
"10459","10929","11414","11921","12434","12957","13517","14084","14673","15277"
"10459","10928","11417","11923","12445","12975","13517","14078","14662","15265"
"10457","10925","11411","11907","12420","12944","13497","14066","14651","15254"
"10452","10917","11406","11908","12435","12974","13520","14102","14684","15292"
"10457","10926","11415","11920","12437","12966","13517","14085","14675","15273"
"10460","10936","11414","11913","12424","12960","13514","14087","14682","15278"
"10461","10937","11429","11930","12443","12982","13533","14096","14672","15274"
"10460","10931","11418","11920","12227","12194","12160","12106","12060","11997"
"10457","10923","11410","11912","12433","12969","13516","14078","14663","15263"
"10460","10922","11411","11912","12424","12962","13502","14080","14667","15278"
"10455","10927","11412","11913","12427","12958","13509","14065","14644","15263"
"10457","10926","11417","11919","12445","12981","13538","14107","14704","15313"
"10459","10928","11414","11921","12439","12965","13507","14085","14655","15251"
"10459","10930","11424","11925","12433","12965","13519","14094","14674","15267"
"10459","10927","11417","11929","12447","12987","13530","14089","14676","15281"
"10458","10927","11420","11921","12441","12965","13510","14084","14666","15275"
"10459","10928","11419","11930","12456","12986","13530","14097","14672","15265"
"10457","10923","11410","11909","12425","12962","13494","14067","14646","15243"
"10459","10932","11416","11924","12439","12978","13522","14091","14680","15275"
"10458","10936","11422","11925","12435","12977","13523","14078","14661","15250"
"10460","10930","11420","11924","12439","12972","13519","14089","14664","15275"
"10458","10925","11408","11911","12435","12979","13526","14086","14658","15270"
"10458","10932","11421","11927","12438","12970","13516","14086","14663","15268"
"10456","10920","11402","11903","12195","12161","12130","12082","12040","11990"
"10461","10933","11414","11918","12437","12969","13506","14078","14670","15275"
"10455","10924","11411","11913","12427","12946","13495","14075","14657","15248"
"10456","10926","11413","11918","12432","12970","13515","14082","14676","15282"
"10453","10922","11410","11911","12424","12959","13496","14053","14632","15249"
"10457","10927","11417","11918","12432","12971","13523","14095","14671","15271"
"10456","10933","11420","11926","12444","12973","13521","14087","14663","15275"
"10460","10934","11412","11910","12431","12963","13518","14086","14662","15258"
"10455","10931","11425","11929","12446","12977","13534","14106","14687","15284"
"10458","10924","11406","11900","12426","12949","13499","14064","14646","15250"
"10456","10925","11412","11915","12430","12962","13517","14080","14659","15263"
"10456","10922","11404","11906","12425","12953","13496","14061","14642","15226"
"10457","10922","11401","11899","12416","12947","13494","14062","14658","15245"
"10456","10933","11419","11926","12447","12981","13525","14088","14677","15284"
"10457","10932","11417","11921","12440","12984","13539","14102","14687","15288"
"10455","10922","11406","11918","12438","12958","13506","14073","14658","15257"
"10458","10926","11413","11913","12215","12188","12150","12096","12050","11998"
